Time,Median Sale Price,Median Sale Price MoM,Homes Sold,Homes Sold MoM,New Listings,New Listings MoM,Inventory,Inventory MoM,Days on Market,Days on Market MoM,Average Sale To List%,Average Sale To List MoM,DATE,WDXRSA,US_UR,DMV_UR,DC_UR,FED_EM,FIN_EM,HOS_EM,DC_PER,DMV_PER,DMV_PER_1
2010-Feb,250000.0,11.1,521.0,-3.9,1085.0,-2.3,3346.0,6.5,51,-5.0,98.2,0.4,2010-02-01,180.451676684066,9.8,6.9,9.7,373.44429119566286,96.6460814397718,254.22722196069,60.0,1447.6513017225,821.847523904769
2010-Mar,237000.0,-5.2,786.0,50.9,1681.0,54.9,3670.0,9.7,42,-9.0,98.2,0.0,2010-03-01,179.886192678118,9.9,6.7,9.5,373.911091929738,96.9160944831904,258.398700610235,27.0,1194.39316327242,732.449500530528
2010-Apr,260000.0,9.7,909.0,15.6,1719.0,2.3,3892.0,6.0,28,-14.0,98.1,-0.1,2010-04-01,181.98294011539002,9.9,6.1,9.4,375.43832454283205,96.709392634762,262.204679238931,166.0,1240.54368000575,792.792527081704
2010-May,250000.0,-3.8,988.0,8.7,1029.0,-40.1,3874.0,-0.5,30,2.0,98.0,-0.1,2010-05-01,182.98398484574003,9.6,6.3,9.3,384.432208903521,96.95428726137258,259.99540379312697,15.0,1068.78455717121,646.662504917799
2010-Jun,240000.0,-4.0,962.0,-2.6,1260.0,22.4,3907.0,0.9,35,5.0,98.0,0.0,2010-06-01,183.939947086236,9.4,6.5,9.3,383.827749036246,97.1973887285914,261.04322866981096,8.0,1167.18530733857,768.646617222382
2010-Jul,240000.0,0.0,676.0,-29.7,1110.0,-11.9,3871.0,-0.9,45,10.0,97.8,-0.2,2010-07-01,183.739964376463,9.4,6.4,9.2,383.25106357188486,97.32198401947642,260.842832075103,140.0,1245.5030661479,775.213682025562
2010-Aug,248000.0,3.1,748.0,10.7,973.0,-12.3,3698.0,-4.5,49,4.0,97.7,-0.1,2010-08-01,182.812230616968,9.5,6.3,9.2,383.165840856457,97.3313931139709,261.494020747784,10.0,1058.3812958881801,762.238755649518
2010-Sep,230000.0,-7.1,640.0,-14.4,1205.0,23.8,3783.0,2.3,51,2.0,97.2,-0.5,2010-09-01,182.72641871556198,9.5,6.2,9.3,381.67678933174005,97.30909124121179,263.20390814447603,2.0,1015.7872602237101,734.56821409293
2010-Oct,230000.0,0.0,610.0,-4.7,999.0,-17.1,3666.0,-3.1,55,4.0,97.4,0.2,2010-10-01,183.03816534074198,9.4,6.0,9.3,383.824334019175,97.4617276400552,264.379884513052,30.0,1333.7332546374698,1166.0000150516198
2010-Nov,243000.0,5.7,605.0,-0.8,799.0,-20.0,3453.0,-5.8,51,-4.0,97.4,0.0,2010-11-01,183.474828134892,9.8,6.1,9.4,384.323888017012,97.586041844713,265.23504481500197,1.0,788.9636173863312,614.970433611124
2010-Dec,225000.0,-7.4,647.0,6.9,603.0,-24.5,3082.0,-10.7,53,2.0,97.1,-0.3,2010-12-01,184.14803115699402,9.3,5.9,9.5,384.229655960356,97.4202918228163,266.397773063376,11.0,1066.53137342889,678.63799300351
2011-Jan,220000.0,-2.2,513.0,-20.7,852.0,41.3,2965.0,-3.8,55,2.0,97.4,0.2,2011-01-01,184.31300304173698,9.1,6.4,9.6,384.85500865675203,96.97737573301649,265.921518924219,8.0,1004.86447083638,611.29667239372
2011-Feb,213000.0,-3.3,554.0,8.0,891.0,4.6,2954.0,-0.4,75,20.0,97.4,0.0,2011-02-01,184.123846638303,9.0,6.3,9.8,384.78221599195,97.1402849762237,266.605317284568,3.0,1083.78621371362,657.580684674082
2011-Mar,231000.0,8.4,769.0,38.8,1230.0,38.0,3087.0,4.5,61,-14.0,97.9,0.5,2011-03-01,182.038169481348,9.0,6.1,10.1,384.6182331848529,97.11648029750809,268.242950470062,248.0,972.1779031753888,672.464400826129
2011-Apr,240000.0,4.1,737.0,-4.2,1265.0,2.8,3296.0,6.8,43,-18.0,97.3,-0.6,2011-04-01,180.74096763293,9.1,5.8,10.3,383.675098451502,97.5107616669233,270.306451386745,25.0,1006.3316559266701,750.224422986424
2011-May,250000.0,4.2,751.0,1.9,1062.0,-16.0,3214.0,-2.5,42,-1.0,97.7,0.3,2011-05-01,180.580284109766,9.0,6.1,10.4,383.817391321073,97.2168644365319,268.137658708216,5.0,825.782928262343,606.830620396118
2011-Jun,243000.0,-2.8,845.0,12.5,1110.0,4.5,3203.0,-0.3,43,1.0,97.3,-0.3,2011-06-01,180.61601957751301,9.1,6.5,10.5,383.48007645372803,96.81844481581899,268.655980030409,5.0,867.831399698172,761.1369157729131
2011-Jul,245000.0,0.8,757.0,-10.4,923.0,-16.8,3013.0,-5.9,46,3.0,97.3,0.0,2011-07-01,181.668877895622,9.0,6.3,10.5,382.805324860379,96.747215942289,269.395378661902,25.0,865.4987820665027,835.17016753481
2011-Aug,241000.0,-1.6,778.0,2.8,855.0,-7.4,2862.0,-5.0,48,2.0,97.1,-0.2,2011-08-01,181.80431920605,9.0,6.4,10.4,383.35633578119,96.4564034354204,271.613794358022,18.0,883.107289286553,673.547731004305
2011-Sep,235000.0,-2.5,690.0,-11.3,1027.0,20.1,2925.0,2.2,55,7.0,97.5,0.4,2011-09-01,182.93208433702202,9.0,6.3,10.3,385.767075533526,96.5378803425396,272.071071294295,120.0,926.9802893835921,855.020635152081
2011-Oct,230000.0,-2.1,631.0,-8.6,853.0,-16.9,2739.0,-6.4,48,-7.0,97.5,0.0,2011-10-01,181.27357852781898,8.8,6.0,10.1,380.433744331244,96.5477903969253,273.36997694433603,396.0,1209.16094068008,877.934068147677
2011-Nov,229000.0,-0.4,659.0,4.4,683.0,-19.9,2565.0,-6.4,51,3.0,97.7,0.2,2011-11-01,181.146344336892,8.6,5.8,10.0,377.56032953524806,96.3357636948679,274.962156174375,1.0,960.091822595838,806.97335054938
2011-Dec,225000.0,-1.7,673.0,2.1,521.0,-23.7,2262.0,-11.8,55,4.0,97.6,-0.1,2011-12-01,179.79433006807704,8.5,5.8,9.9,378.503848930334,96.39901679976299,275.34362990473596,24.0,964.142909976845,931.2281917234039
2012-Jan,215000.0,-4.4,522.0,-22.4,806.0,54.7,2187.0,-3.3,63,8.0,97.5,-0.1,2012-01-01,180.07674270545502,8.3,6.2,9.8,379.556173753948,96.44109083274469,276.56959690510604,20.0,1081.43882954484,825.82312722099
2012-Feb,236000.0,9.8,561.0,7.5,907.0,12.5,2202.0,0.7,57,-6.0,97.5,0.0,2012-02-01,178.56163978959202,8.3,6.2,9.6,378.1793559358831,96.595404884122,278.262052755566,5.0,589.060517474293,536.471861238643
2012-Mar,255000.0,8.1,711.0,26.7,1223.0,34.8,2347.0,6.6,41,-16.0,98.0,0.5,2012-03-01,180.33719455383,8.2,5.9,9.4,378.307852763474,96.5071680941836,280.260234401292,274.0,1792.5849557878698,912.020471847117
2012-Apr,252000.0,-1.2,724.0,1.8,1063.0,-13.1,2308.0,-1.7,29,-12.0,98.3,0.3,2012-04-01,182.792719940913,8.2,5.4,9.3,378.197759938417,96.6223926973131,279.953109358194,23.0,1174.7676986875501,915.4007367242019
2012-May,263000.0,4.4,868.0,19.9,1088.0,2.4,2265.0,-1.9,28,-1.0,98.4,0.2,2012-05-01,185.444978419315,8.2,5.7,9.1,377.419181353103,96.48644348720521,280.584734902318,8.0,807.6224871903937,736.9913572354269
2012-Jun,275000.0,4.5,969.0,11.6,1054.0,-3.1,2289.0,1.1,29,1.0,98.1,-0.3,2012-06-01,186.952847514085,8.2,6.1,8.9,377.848611181766,96.5480601182624,281.443894262641,0.0,1002.5837301557301,725.883432292527
2012-Jul,275000.0,0.0,868.0,-10.4,872.0,-17.3,2159.0,-5.7,31,2.0,98.2,0.1,2012-07-01,187.70789730337398,8.2,6.0,8.8,378.638451812687,96.3561790336566,281.960067134151,101.0,1089.0327793271401,719.7835970567619
2012-Aug,270000.0,-1.8,809.0,-6.8,880.0,0.9,2019.0,-6.5,32,1.0,98.2,0.0,2012-08-01,188.33834340868302,8.1,5.9,8.8,378.67924289182406,96.65583862541901,283.358522270553,117.0,1241.63812120616,802.370790001346
2012-Sep,259000.0,-4.0,717.0,-11.4,950.0,8.0,2011.0,-0.4,37,5.0,97.8,-0.4,2012-09-01,188.734244936917,7.8,5.6,8.7,378.7636946614109,97.049141610675,283.89282725598304,17.0,831.934883458916,787.607060695821
2012-Oct,265000.0,2.3,751.0,4.7,844.0,-11.2,1858.0,-7.6,26,-11.0,98.3,0.5,2012-10-01,188.93353985071602,7.8,5.5,8.7,379.082004842692,97.24552588078559,284.54884574882703,11.0,563.007063844027,628.091124362984
2012-Nov,262000.0,-1.2,791.0,5.3,659.0,-21.9,1658.0,-10.8,27,1.0,98.2,-0.1,2012-11-01,189.28135982797002,7.7,5.4,8.7,378.42254810736,97.4228827722093,285.227539940686,45.0,887.962012632724,798.787597400226
2012-Dec,260000.0,-0.7,748.0,-5.4,464.0,-29.6,1440.0,-13.1,37,10.0,98.2,0.0,2012-12-01,190.40130638680301,7.9,5.5,8.7,378.3227557706781,97.5987106725027,286.47204773267003,83.0,651.452295400184,655.751600115678
2013-Jan,257000.0,-1.2,568.0,-24.1,808.0,74.1,1408.0,-2.2,35,-2.0,98.4,0.2,2013-01-01,190.891609517995,8.0,6.0,8.7,377.91112860524004,97.8993840929693,289.34904934963697,472.0,1640.5763252203,749.689905852641
2013-Feb,261000.0,1.6,637.0,12.1,909.0,12.5,1429.0,1.5,30,-5.0,98.7,0.3,2013-02-01,190.64198447252102,7.7,5.8,8.7,377.5419238197129,98.23139371625679,289.831902148969,81.0,1229.9238641329598,747.241747494124
2013-Mar,268000.0,2.6,812.0,27.5,1001.0,10.1,1423.0,-0.4,18,-12.0,99.0,0.4,2013-03-01,193.65467833541598,7.5,5.6,8.7,377.113006754708,98.4108984129465,290.39519627898,161.0,1538.0737621139099,754.387463333618
2013-Apr,284000.0,5.8,882.0,8.6,1342.0,34.1,1622.0,14.0,15,-3.0,99.2,0.1,2013-04-01,195.46368385488304,7.6,5.2,8.6,375.93929990043296,98.8374662711982,290.580641643452,30.0,976.734585885788,686.066766851383
2013-May,287000.0,1.1,1037.0,17.6,1290.0,-3.9,1739.0,7.2,12,-3.0,99.3,0.1,2013-05-01,197.055897864745,7.5,5.5,8.6,375.219666878007,98.97342257230422,290.983081555456,70.0,1560.9418116453198,803.9773189411591
2013-Jun,299000.0,4.4,1044.0,0.7,1176.0,-8.8,1771.0,1.8,14,2.0,99.6,0.3,2013-06-01,197.491591066983,7.5,6.0,8.6,373.412761173433,99.17651889655741,291.699833099964,617.0,1510.36508608463,781.4430149624692
2013-Jul,280000.0,-6.5,965.0,-7.6,1139.0,-3.1,1814.0,2.4,17,3.0,99.2,-0.5,2013-07-01,199.219269363835,7.3,5.8,8.5,371.149259253871,99.24326435222393,292.85931156186,19.0,1800.6333318990698,794.6504588294749
2013-Aug,289000.0,3.4,1079.0,11.8,1048.0,-8.0,1801.0,-0.7,16,-1.0,99.3,0.2,2013-08-01,200.63589755973598,7.2,5.6,8.5,371.31096065006204,99.4042379031954,292.70709489331904,656.0,1516.70189448513,851.559182321237
2013-Sep,290000.0,0.2,799.0,-25.9,1199.0,14.4,1977.0,9.8,19,3.0,99.2,-0.1,2013-09-01,202.50441822567902,7.2,5.5,8.4,371.228855472155,99.2409581107511,293.520224707678,214.0,1127.8828469424302,787.3860820751828
2013-Oct,289000.0,-0.2,829.0,3.8,1056.0,-11.9,2035.0,2.9,20,1.0,99.1,-0.1,2013-10-01,203.42075414153703,7.2,5.8,8.3,370.281692972272,99.25834163612421,291.726346553911,240.0,973.095494993354,821.7873370960381
2013-Nov,280000.0,-3.3,707.0,-14.7,760.0,-28.0,1879.0,-7.7,23,3.0,99.1,0.0,2013-11-01,204.39146078216305,6.9,5.2,8.2,370.052040362076,99.2347767134678,293.889139030301,866.0,2052.7857664592498,744.338958556224
2013-Dec,285000.0,1.8,840.0,18.8,559.0,-26.4,1719.0,-8.5,25,2.0,98.5,-0.6,2013-12-01,205.904630700851,6.7,5.0,8.1,369.87575020998594,99.1165729918655,294.396702919192,427.0,1933.73795595702,935.508751252058
2014-Jan,270000.0,-5.2,550.0,-34.5,860.0,53.8,1688.0,-1.8,40,15.0,98.6,0.1,2014-01-01,206.971311875593,6.6,5.4,8.0,362.738671824451,98.77254020125471,295.070396583961,34.0,1358.75146769875,896.0813474196581
2014-Feb,287000.0,6.3,649.0,18.0,980.0,14.0,1785.0,5.7,35,-5.0,98.5,-0.1,2014-02-01,207.552212592282,6.7,5.5,8.0,362.286668383725,98.3780292720756,294.65081303642995,61.0,1702.67077618246,1082.60684979368
2014-Mar,288000.0,0.3,766.0,18.0,1238.0,26.3,1897.0,6.3,25,-10.0,98.9,0.4,2014-03-01,209.13758781333092,6.7,5.3,7.9,362.186901579699,98.42626411571301,295.713334310147,165.0,1246.70341680933,712.381572854135
2014-Apr,290000.0,0.8,910.0,18.8,1383.0,11.7,2053.0,8.2,18,-7.0,99.0,0.1,2014-04-01,208.26708481456902,6.2,4.7,7.9,361.695009756196,97.5863392807358,297.384576188204,35.0,1465.38724523719,702.192537413641
2014-May,297000.0,2.5,1022.0,12.3,1492.0,7.9,2257.0,9.9,19,1.0,99.1,0.1,2014-05-01,207.90540347543202,6.3,5.1,7.8,361.855471235119,97.920858834541,298.54670356810396,612.0,2228.29608655513,1056.08658490252
2014-Jun,298000.0,0.3,1044.0,2.2,1279.0,-14.3,2349.0,4.1,17,-2.0,98.9,-0.2,2014-06-01,207.551922808992,6.1,5.3,7.8,360.987731937621,98.08063222671619,299.034122504602,349.0,1688.1474584540301,924.680009293622
2014-Jul,285000.0,-4.4,986.0,-5.6,1066.0,-16.7,2394.0,1.9,22,5.0,98.8,-0.2,2014-07-01,206.954132600085,6.2,5.4,7.7,362.183667696222,98.10848956440901,298.668317697428,399.0,1620.8943217495,879.886174781239
2014-Aug,298000.0,4.5,901.0,-8.6,970.0,-9.0,2318.0,-3.2,28,6.0,98.6,-0.2,2014-08-01,206.89250214106002,6.1,5.3,7.7,363.06420039344704,98.21799152294341,299.052866962099,512.0,1975.93143234403,1022.2653054314999
2014-Sep,280000.0,-6.0,781.0,-13.3,1264.0,30.3,2508.0,8.2,31,3.0,98.6,0.0,2014-09-01,206.965128756768,5.9,5.0,7.7,363.319193902167,98.54268193122248,299.741733022198,391.0,1515.3690312643,973.7489726521768
2014-Oct,300000.0,7.1,887.0,13.6,1062.0,-16.0,2456.0,-2.1,27,-4.0,98.3,-0.3,2014-10-01,207.78914492656003,5.7,4.8,7.6,363.838034794889,98.2631934331066,300.298386233574,404.0,1482.15139083124,969.9972225474968
2014-Nov,299000.0,-0.4,670.0,-24.5,709.0,-33.2,2182.0,-11.2,31,4.0,98.6,0.3,2014-11-01,208.003614570493,5.8,4.7,7.6,364.158399473897,98.56051659802591,301.358777447462,626.0,3044.3475255764697,1078.0517724681301
2014-Dec,290000.0,-2.9,798.0,19.1,515.0,-27.4,1872.0,-14.2,40,9.0,98.1,-0.5,2014-12-01,208.54207775114799,5.6,4.5,7.5,363.963133618674,98.4678970214736,301.242437397424,532.0,2533.99837072197,1088.79502088609
2015-Jan,285000.0,-1.7,576.0,-27.8,918.0,78.3,1928.0,3.0,47,7.0,97.8,-0.3,2015-01-01,208.728777926521,5.7,5.0,7.4,363.57227850051004,99.461731799223,305.656459232067,55.0,1358.96712055572,1106.73769617214
2015-Feb,280000.0,-1.8,585.0,1.6,950.0,3.5,2007.0,4.1,48,1.0,98.3,0.5,2015-02-01,209.449097291614,5.5,4.9,7.3,363.8622076118831,99.5424805212738,305.271837136249,236.0,1823.0456759854694,1320.12237746399
2015-Mar,290000.0,3.6,783.0,33.8,1402.0,47.6,2242.0,11.7,29,-19.0,98.8,0.5,2015-03-01,209.778962821916,5.4,4.7,7.2,363.848115192605,99.7527061561557,304.612195462113,44.0,1552.30499323297,1268.07411922625
2015-Apr,291000.0,0.3,960.0,22.6,1582.0,12.8,2640.0,17.8,23,-6.0,99.4,0.6,2015-04-01,209.728871103775,5.4,4.2,7.1,364.713523307875,98.96578062550199,306.360117086031,53.0,2240.07962160129,1329.61208516038
2015-May,295000.0,1.4,946.0,-1.5,1457.0,-7.9,2845.0,7.8,22,-1.0,99.0,-0.3,2015-05-01,209.30705277902698,5.6,4.5,7.0,364.488312364466,99.23437812203709,307.924154137266,680.0,2456.89717062072,1257.19841477345
2015-Jun,310000.0,5.1,1101.0,16.4,1336.0,-8.3,2913.0,2.4,27,5.0,98.8,-0.2,2015-06-01,209.731699545281,5.3,4.7,6.9,363.772070050791,99.1438392158135,309.549284768068,142.0,1700.80308682477,932.80303093343
2015-Jul,289000.0,-6.8,1073.0,-2.5,1280.0,-4.2,2876.0,-1.3,28,1.0,98.8,-0.1,2015-07-01,209.80034909012696,5.2,4.6,6.8,364.848315067708,99.3463198532086,312.041374985941,556.0,1735.22049442418,1309.28611346235
2015-Aug,294000.0,1.7,938.0,-12.6,1086.0,-15.2,2808.0,-2.4,38,10.0,98.5,-0.3,2015-08-01,210.039685414021,5.1,4.4,6.7,365.05066616154505,99.3290686820113,313.104253587072,48.0,1173.3134806196902,1057.24924989491
2015-Sep,290000.0,-1.3,919.0,-2.0,1225.0,12.8,2858.0,1.8,38,0.0,98.6,0.1,2015-09-01,210.205569390841,5.0,4.2,6.6,365.148698429255,99.32045764191808,313.11916899926103,478.0,2440.55410994303,1094.7753955271698
2015-Oct,298000.0,2.8,836.0,-9.0,1128.0,-7.9,2773.0,-3.0,37,-1.0,98.5,-0.1,2015-10-01,210.44346932451802,5.0,4.2,6.6,364.87689435952797,99.5564331998378,313.604424850041,907.0,2481.20215519107,1297.4121966009698
2015-Nov,300000.0,0.6,703.0,-15.9,772.0,-31.6,2458.0,-11.4,35,-2.0,98.5,0.0,2015-11-01,211.318105091718,5.1,4.0,6.5,365.15062350269096,99.61821438118591,314.285632240793,22.0,1557.0414487813598,1195.7259997519802
2015-Dec,282000.0,-6.0,885.0,25.9,568.0,-26.4,2074.0,-15.6,47,12.0,98.5,0.0,2015-12-01,211.360115497816,5.0,3.8,6.5,365.721437060603,99.56687395219772,316.93873971501597,34.0,1733.9902250382502,1008.9723212014501
2016-Jan,268000.0,-5.0,585.0,-33.9,870.0,53.2,2069.0,-0.2,60,13.0,98.2,-0.3,2016-01-01,212.151749496581,4.9,4.1,6.4,366.18398053091903,99.6588345029781,315.753002337118,300.0,1958.5903185805605,1076.30225937651
2016-Feb,262000.0,-2.4,639.0,9.2,1104.0,26.9,2121.0,2.5,63,3.0,98.4,0.2,2016-02-01,211.52535105802897,4.9,4.1,6.3,366.428151586052,99.722621787944,315.92954403707597,849.0,4055.9424748627002,1060.44083192538
2016-Mar,286000.0,9.4,895.0,40.1,1635.0,48.1,2459.0,15.9,37,-26.0,99.1,0.7,2016-03-01,211.71855149693693,5.0,4.0,6.2,366.560271743104,99.910172030237,317.347352511362,68.0,1556.91351557669,1056.8188586633198
2016-Apr,297000.0,3.9,1070.0,19.6,1578.0,-3.5,2663.0,8.3,27,-10.0,99.1,0.0,2016-04-01,212.467071117891,5.0,3.5,6.1,366.62822829126,100.241532174496,319.488280607876,95.0,1694.2492593518805,1076.32431998384
2016-May,300000.0,0.9,1129.0,5.5,1379.0,-12.6,2748.0,3.2,25,-2.0,99.2,0.1,2016-05-01,213.02955878683997,4.8,3.7,6.1,367.46179895676005,100.29470684611799,318.364448327335,41.0,1432.35221912865,1147.78463860593
2016-Jun,295000.0,-1.7,1173.0,3.9,1342.0,-2.7,2701.0,-1.7,26,1.0,99.0,-0.3,2016-06-01,213.168899191329,4.9,4.1,6.1,368.014958219247,100.18485063726,319.209635880751,55.0,1810.84690145237,1036.3521235231199
2016-Jul,295000.0,0.0,1047.0,-10.7,1109.0,-17.4,2502.0,-7.4,33,7.0,98.8,-0.2,2016-07-01,213.139779042589,4.8,4.1,6.0,368.372028412285,100.665248415462,319.982976636848,922.0,2474.58870613262,1060.80913830827
2016-Aug,289000.0,-2.0,1064.0,1.6,1006.0,-9.3,2322.0,-7.2,33,0.0,98.7,-0.1,2016-08-01,213.63190764429905,4.9,4.1,6.0,368.798675834333,101.04292152995501,320.945050079471,779.0,2094.37517532165,1139.51960351436
2016-Sep,290000.0,0.3,995.0,-6.5,1314.0,30.6,2463.0,6.1,38,5.0,98.8,0.1,2016-09-01,214.375138011898,5.0,4.0,6.0,369.094418357363,101.196579260581,322.682646870747,394.0,2098.54725874792,1160.71371736976
2016-Oct,290000.0,0.0,900.0,-9.5,983.0,-25.2,2279.0,-7.5,32,-6.0,98.6,-0.1,2016-10-01,215.10844032974603,4.9,4.0,6.0,369.303429981784,101.425756554204,321.126215381712,506.0,2214.03360577823,1067.28639992022
2016-Nov,286000.0,-1.3,844.0,-6.2,816.0,-17.0,2126.0,-6.7,30,-2.0,98.7,0.1,2016-11-01,215.743632025631,4.7,3.7,6.0,369.77242471394203,101.700829890933,324.73734895774396,51.0,1395.49789819763,1070.8246296187301
2016-Dec,285000.0,-0.4,800.0,-5.2,597.0,-26.8,1795.0,-15.6,43,13.0,98.5,-0.2,2016-12-01,217.05885981207402,4.7,3.6,6.0,370.3877286909111,102.186407311285,324.689915326433,129.0,1459.9585708429902,946.104824128867
2017-Jan,300000.0,5.3,700.0,-12.5,926.0,55.1,1726.0,-3.8,45,2.0,98.9,0.3,2017-01-01,218.33477054781798,4.7,4.1,6.0,371.20495295748594,102.17158265529498,324.395024754635,22.0,2239.88184008342,1027.49273016563
2017-Feb,293000.0,-2.5,757.0,8.1,1144.0,23.5,1850.0,7.2,45,0.0,98.8,-0.1,2017-02-01,219.11711861401199,4.6,4.0,6.1,370.089747040728,102.43930052222,326.234978231951,344.0,1410.8881207441,799.094375874961
2017-Mar,285000.0,-2.5,1017.0,34.3,1481.0,29.5,1994.0,7.8,26,-19.0,98.8,0.0,2017-03-01,219.047273394379,4.4,3.8,6.1,369.819028002146,102.580413480583,327.369265771228,402.0,1836.9438783284304,944.6777263389032
2017-Apr,285000.0,0.0,1001.0,-1.6,1430.0,-3.4,2136.0,7.1,20,-6.0,99.1,0.3,2017-04-01,218.67271173507302,4.4,3.4,6.2,368.017423831657,102.382325229182,327.56491892423,244.0,2772.87836762525,1033.61565547282
2017-May,303000.0,6.1,1209.0,20.8,1482.0,3.6,2212.0,3.6,16,-4.0,99.1,0.1,2017-05-01,218.948169148929,4.4,3.7,6.2,369.21810049371805,102.73959236803101,329.132805301563,649.0,1609.9924381853302,947.8715475015421
2017-Jun,294000.0,-2.8,1253.0,3.6,1458.0,-1.6,2246.0,1.5,19,3.0,99.1,-0.1,2017-06-01,219.376126476459,4.3,4.0,6.2,368.251993090472,102.79977790309,328.729035632933,789.0,2313.261186440461,1167.00412679544
2017-Jul,315000.0,7.2,1163.0,-7.2,1137.0,-22.0,2163.0,-3.7,21,2.0,99.3,0.2,2017-07-01,219.96332841168496,4.3,4.0,6.2,366.98317812363996,102.896222781849,329.008543474771,317.0,1840.22105070629,1138.8707982247802
2017-Aug,289000.0,-8.3,1101.0,-5.3,1136.0,-0.1,2044.0,-5.5,27,6.0,99.1,-0.1,2017-08-01,220.3142178419,4.4,3.9,6.1,366.949948756387,102.967781203901,329.97245558448896,278.0,1853.07957192974,1004.2286976514399
2017-Sep,281000.0,-2.9,896.0,-18.6,1427.0,25.6,2305.0,12.8,27,0.0,98.9,-0.3,2017-09-01,220.822729972126,4.2,3.7,6.0,366.847306630322,102.959409968766,329.790839553561,403.0,1966.2390601608802,1016.0816877683701
2017-Oct,302000.0,7.6,1009.0,12.6,1130.0,-20.8,2253.0,-2.3,20,-7.0,98.9,0.0,2017-10-01,221.623628464543,4.1,3.6,5.9,366.82269381107596,103.091713392873,331.452135616369,656.0,2377.64644407326,1194.08428218769
2017-Nov,295000.0,-2.3,884.0,-12.4,877.0,-22.4,2027.0,-10.0,28,8.0,98.9,0.0,2017-11-01,222.729305942123,4.2,3.5,5.9,366.187585745686,103.39829484844101,331.161960053626,781.0,2402.7678499817607,976.1831905094032
2017-Dec,300000.0,1.7,803.0,-9.2,550.0,-37.3,1653.0,-18.5,30,2.0,98.5,-0.4,2017-12-01,223.029310707193,4.1,3.3,5.8,365.64094080052286,103.394931764158,331.149457695689,71.0,1432.26714022303,1193.7388574231402
2018-Jan,290000.0,-3.5,748.0,-6.8,935.0,70.0,1560.0,-5.6,40,10.0,98.7,0.2,2018-01-01,223.29975218992803,4.1,3.8,5.8,365.2163312040509,103.68857236539101,330.787686358627,50.0,2114.5668411722,1131.75696278308
2018-Feb,301000.0,4.0,799.0,6.8,1119.0,19.7,1598.0,2.4,34,-6.0,99.0,0.3,2018-02-01,224.173970535437,4.1,3.7,5.8,364.43252625896895,104.073385484315,331.054959066033,30.0,1488.40440459123,992.859372966097
2018-Mar,305000.0,1.2,1031.0,29.0,1437.0,28.4,1741.0,8.9,19,-15.0,99.1,0.1,2018-03-01,225.353777683159,4.0,3.5,5.8,364.36783404159104,103.94399095338,331.79622144693,617.0,2146.13380208026,1112.1799977305302
2018-Apr,310000.0,1.8,1075.0,4.3,1549.0,7.8,1910.0,9.7,13,-6.0,99.6,0.6,2018-04-01,225.377596010446,4.0,3.1,5.7,364.3809636791391,104.004515858757,332.15962749465,25.0,1840.7677376611105,1019.5077418911701
2018-May,311000.0,0.4,1228.0,14.2,1610.0,3.9,2103.0,10.1,16,3.0,99.4,-0.2,2018-05-01,225.384862602045,3.8,3.2,5.7,364.094410105401,104.183246244681,333.677441371547,363.0,3140.2456484973604,1047.89344966715
2018-Jun,310000.0,-0.4,1207.0,-1.7,1410.0,-12.4,2086.0,-0.8,17,1.0,99.4,0.0,2018-06-01,225.54802143589,4.0,3.6,5.6,364.06562339677805,104.118730536665,334.840660120128,927.0,2167.9028497507397,1051.3670743104801
2018-Jul,303000.0,-2.3,1153.0,-4.5,1181.0,-16.2,1984.0,-4.9,19,2.0,99.2,-0.2,2018-07-01,225.97133478540505,3.8,3.5,5.5,364.06140641040804,104.041148100964,335.391903693163,67.0,1375.90917903891,971.649751827742
2018-Aug,291000.0,-4.1,1138.0,-1.3,1127.0,-4.6,2013.0,1.5,23,4.0,99.0,-0.2,2018-08-01,226.507860767525,3.8,3.4,5.4,363.56894244505287,103.701089032561,334.966921266382,444.0,2310.2876039776997,1248.27336170609
2018-Sep,300000.0,3.2,840.0,-26.2,1245.0,10.5,2405.0,19.5,29,6.0,98.6,-0.3,2018-09-01,227.142231118689,3.7,3.1,5.4,363.315110908629,103.73771970038099,333.443138488494,1098.0,2276.98028561548,1097.55138706919
2018-Oct,299000.0,-0.3,977.0,16.3,1021.0,-18.0,2303.0,-4.2,40,11.0,99.1,0.5,2018-10-01,227.789276588694,3.8,3.1,5.3,363.70726670770205,103.465003767404,336.323967829674,679.0,1407.4182177753796,942.348318725053
2018-Nov,290000.0,-3.0,843.0,-13.7,686.0,-32.8,1880.0,-18.4,43,3.0,98.8,-0.3,2018-11-01,228.516333194052,3.7,2.9,5.3,362.8700984751789,102.972307233017,336.572766245451,21.0,1402.1224962329998,1126.5256243241902
2018-Dec,307000.0,5.9,875.0,3.8,464.0,-32.4,1418.0,-24.6,47,4.0,99.0,0.2,2018-12-01,228.986941332055,3.9,2.9,5.4,362.514116976314,102.56984398869,339.258554071038,369.0,2092.4681641953603,1286.01489850033
2019-Jan,300000.0,-2.3,731.0,-16.5,830.0,78.9,1387.0,-2.2,50,3.0,98.9,-0.1,2019-01-01,229.96742138102903,4.0,3.7,5.4,362.701433955034,102.912368185878,342.621918638765,155.0,1774.42128176256,1084.0403848656401
2019-Feb,300000.0,0.0,682.0,-6.7,945.0,13.9,1452.0,4.7,34,-16.0,99.0,0.0,2019-02-01,230.747816433442,3.8,3.5,5.5,363.33546108264295,101.61803724882999,344.0761158431269,245.0,1738.87872125903,1243.52030213604
2019-Mar,315000.0,5.0,946.0,38.7,1311.0,38.7,1559.0,7.4,26,-8.0,99.6,0.6,2019-03-01,231.63608586176002,3.8,3.3,5.6,363.109885253831,102.38360042669001,346.525834946736,277.0,2123.39518651814,1293.18391548149
2019-Apr,316000.0,0.2,1133.0,19.8,1363.0,4.0,1634.0,4.8,20,-6.0,99.9,0.3,2019-04-01,231.45285218057398,3.6,2.9,5.6,363.349948577698,103.408798237778,346.40936432723504,374.0,1877.7828755593398,1075.82883594089
2019-May,317000.0,0.4,1200.0,5.9,1457.0,6.9,1749.0,7.0,20,0.0,100.0,0.0,2019-05-01,231.825806320042,3.6,3.1,5.7,363.179474817378,102.54930168378799,345.52067524596197,318.0,2304.8918280265802,1321.10701317283
2019-Jun,325000.0,2.5,1089.0,-9.3,1162.0,-20.2,1752.0,0.2,20,0.0,99.8,-0.1,2019-06-01,232.11252352672997,3.7,3.4,5.6,363.193444330745,103.25398869212799,347.332822334955,389.0,2036.74000497707,1178.70901789432
2019-Jul,318000.0,-2.2,1094.0,0.5,1172.0,0.9,1694.0,-3.3,22,2.0,100.0,0.1,2019-07-01,232.032414768464,3.7,3.3,5.6,363.3917293677349,102.106994119624,347.357406453363,455.0,2056.19993173017,1138.92774926276
2019-Aug,300000.0,-5.7,1074.0,-1.8,972.0,-17.1,1540.0,-9.1,25,3.0,99.7,-0.3,2019-08-01,232.650096696828,3.7,3.2,5.5,364.34284835681296,102.96405065150101,350.489560398316,437.0,2000.4343516902304,1247.0295230176
2019-Sep,315000.0,5.0,888.0,-17.3,1218.0,25.3,1692.0,9.9,25,0.0,99.4,-0.3,2019-09-01,233.380305444436,3.5,2.9,5.4,363.321498617582,102.01258440662501,352.846319923847,329.0,2083.45374523196,1429.37249310489
2019-Oct,330000.0,4.7,982.0,10.6,1100.0,-9.7,1735.0,2.5,25,0.0,99.6,0.2,2019-10-01,234.644021912952,3.6,2.8,5.4,363.261554518078,103.049749519596,355.226650529812,1395.0,2651.63932116594,1163.98250953464
